[
{
"token": "cc8c0bf57f984915a77078b10eb33198",
"log_token": "7e25a2c8ea1f41c5b0da1e69ecfa71a2",
"nbr_samples": 39,
"first_sample_token": "ca9a282c9e77460f8360f564131a8af5",
"last_sample_token": "ed5fc18c31904f96a8f0dbb99ff069c0",
"name": "scene-0061",
"description": "Parked truck, construction, intersection, turn left, following a van"
},
{
"token": "fcbccedd61424f1b85dcbf8f897f9754",
"log_token": "53cf9c55dd8644bea67b9f009fc1ee38",
"nbr_samples": 40,
"first_sample_token": "3e8750f331d7499e9b5123e9eb70f2e2",
"last_sample_token": "281b92269fd648d4b52d06ac06ca6d65",
"name": "scene-0103",
"description": "Many peds right, wait for turning car, long bike rack left, cyclist"
},
{
"token": "6f83169d067343658251f72e1dd17dbc",
"log_token": "881dd2f8aaec49b681eb54be5bf3b3e2",
"nbr_samples": 41,
"first_sample_token": "8687ba92abd3406aa797115b874ebeba",
"last_sample_token": "dcbe451d383e450786aaad04ab9d3790",
"name": "scene-0553",
"description": "Wait at intersection, bicycle, large truck, peds crossing crosswalk, ped with stroller"
},
{
"token": "bebf5f5b2a674631ab5c88fd1aa9e87a",
"log_token": "6f7fe59adf984e55a82571ab4f17e4e2",
"nbr_samples": 41,
"first_sample_token": "5991fad3280c4f84b331536c32001a04",
"last_sample_token": "35833ae5808e4ef186d1fdebac3d9cf6",
"name": "scene-0655",
"description": "Parking lot, parked cars, jaywalker, bendy bus, gardening vehicles"
},
{
"token": "2fc3753772e241f2ab2cd16a784cc680",
"log_token": "3a43824b84534c98bda1d07548db5817",
"nbr_samples": 41,
"first_sample_token": "cd9964f8c3d34383b16e9c2997de1ed0",
"last_sample_token": "8fe9664cec514a58b1184c4fcefda6b5",
"name": "scene-0757",
"description": "Arrive at busy intersection, bus, wait at intersection, bicycle, peds"
},
{
"token": "c5224b9b454b4ded9b5d2d2634bbda8a",
"log_token": "8ff48ad1df8e4966a2151730c92b7f3c",
"nbr_samples": 40,
"first_sample_token": "c1676a2feac74eee8aa38ca3901787d6",
"last_sample_token": "63c24b51feb94f14bec29022dae4975d",
"name": "scene-0796",
"description": "Scooter, peds on sidewalk, bus, cars, truck, fake construction worker, bicycle, cross intersection, car overtaking us"
},
{
"token": "325cef682f064c55a255f2625c533b75",
"log_token": "5bd40b613ac740cd9dbacdfbc3d68201",
"nbr_samples": 41,
"first_sample_token": "b5989651183643369174912bc5641d3b",
"last_sample_token": "b4ff30109dd14c89b24789dc5713cf8c",
"name": "scene-0916",
"description": "Parking lot, bicycle rack, parked bicycles, bus, many peds, parked scooters, parked motorcycle"
},
{
"token": "d25718445d89453381c659b9c8734939",
"log_token": "8fefc430cbfa4c2191978c0df302eb98",
"nbr_samples": 41,
"first_sample_token": "5998b71b64c146769bde1d5430741381",
"last_sample_token": "ee9b3f38dadd40588f43ba590c4751b9",
"name": "scene-1077",
"description": "Night, big street, bus stop, high speed, construction vehicle"
},
{
"token": "de7d80a1f5fb4c3e82ce8a4f213b450a",
"log_token": "8fefc430cbfa4c2191978c0df302eb98",
"nbr_samples": 40,
"first_sample_token": "e6b0b282aa174a978272dc2d0a89d560",
"last_sample_token": "4e1d1031fe9f45f981a2f598365fc645",
"name": "scene-1094",
"description": "Night, after rain, many peds, PMD, ped with bag, jaywalker, truck, scooter"
},
{
"token": "e233467e827140efa4b42d2b4c435855",
"log_token": "8fefc430cbfa4c2191978c0df302eb98",
"nbr_samples": 40,
"first_sample_token": "a480496a5988410fbe3d8ed6c84da996",
"last_sample_token": "abf3d91d3c28407e80e3334fe89c03cb",
"name": "scene-1100",
"description": "Night, peds in sidewalk, peds cross crosswalk, scooter, PMD, difficult lighting"
}
]